countryid,NationalTeamName,NationalTeamNameClean,NationalTeamNameCleanAll,FlagPath,FlagPathWeb,filename_x,filename_y,countrynameextract
190,AFGHANISTAN,afghanistan,afghanistan,flags-normal/flag-of-Afghanistan.png,https://www.countries-ofthe-world.com/flags-normal/flag-of-Afghanistan.png,flag-of-Afghanistan.png,flag-of-Afghanistan.png,afghanistan
76,ALBANIA,albania,albania,flags-normal/flag-of-Albania.png,https://www.countries-ofthe-world.com/flags-normal/flag-of-Albania.png,flag-of-Albania.png,flag-of-Albania.png,albania
117,ALGERIA,algeria,algeria,flags-normal/flag-of-Algeria.png,https://www.countries-ofthe-world.com/flags-normal/flag-of-Algeria.png,flag-of-Algeria.png,flag-of-Algeria.png,algeria
222,AMERICAN SAMOA,american samoa,americansamoa,flags-normal/flag-of-American-Samoa.png,,flag-of-American-Samoa.png,flag-of-American-Samoa.png,americansamoa
193,ANDORRA,andorra,andorra,flags-normal/flag-of-Andorra.png,https://www.countries-ofthe-world.com/flags-normal/flag-of-Andorra.png,flag-of-Andorra.png,flag-of-Andorra.png,andorra
109,ANGOLA,angola,angola,flags-normal/flag-of-Angola.png,https://www.countries-ofthe-world.com/flags-normal/flag-of-Angola.png,flag-of-Angola.png,flag-of-Angola.png,angola
210,ANGUILLA,anguilla,anguilla,flags-normal/flag-of-Anguilla.png,,flag-of-Anguilla.png,flag-of-Anguilla.png,anguilla
108,ANTIGUA AND BARBUDA,antigua and barbuda,antiguaandbarbuda,flags-normal/flag-of-Antigua.png,https://www.countries-ofthe-world.com/flags-normal/flag-of-Antigua.png,flag-of-Antigua.png,,
1,ARGENTINA,argentina,argentina,flags-normal/flag-of-Argentina.png,https://www.countries-ofthe-world.com/flags-normal/flag-of-Argentina.png,flag-of-Argentina.png,flag-of-Argentina.png,argentina
86,ARMENIA,armenia,armenia,flags-normal/flag-of-Armenia.png,https://www.countries-ofthe-world.com/flags-normal/flag-of-Armenia.png,flag-of-Armenia.png,flag-of-Armenia.png,armenia
175,ARUBA,aruba,aruba,flags-normal/flag-of-Aruba.png,,flag-of-Aruba.png,flag-of-Aruba.png,aruba
21,AUSTRALIA,australia,australia,flags-normal/flag-of-Australia.png,https://www.countries-ofthe-world.com/flags-normal/flag-of-Australia.png,flag-of-Australia.png,flag-of-Australia.png,australia
44,AUSTRIA,austria,austria,flags-normal/flag-of-Austria.png,https://www.countries-ofthe-world.com/flags-normal/flag-of-Austria.png,flag-of-Austria.png,flag-of-Austria.png,austria
88,AZERBAIJAN,azerbaijan,azerbaijan,flags-normal/flag-of-Azerbaijan.png,https://www.countries-ofthe-world.com/flags-normal/flag-of-Azerbaijan.png,flag-of-Azerbaijan.png,flag-of-Azerbaijan.png,azerbaijan
172,BAHAMAS,bahamas,bahamas,flags-normal/flag-of-Bahamas.png,https://www.countries-ofthe-world.com/flags-normal/flag-of-Bahamas.png,flag-of-Bahamas.png,flag-of-Bahamas.png,bahamas
23,BAHRAIN,bahrain,bahrain,flags-normal/flag-of-Bahrain.png,https://www.countries-ofthe-world.com/flags-normal/flag-of-Bahrain.png,flag-of-Bahrain.png,flag-of-Bahrain.png,bahrain
161,BANGLADESH,bangladesh,bangladesh,flags-normal/flag-of-Bangladesh.png,https://www.countries-ofthe-world.com/flags-normal/flag-of-Bangladesh.png,flag-of-Bangladesh.png,flag-of-Bangladesh.png,bangladesh
105,BARBADOS,barbados,barbados,flags-normal/flag-of-Barbados.png,https://www.countries-ofthe-world.com/flags-normal/flag-of-Barbados.png,flag-of-Barbados.png,flag-of-Barbados.png,barbados
77,BELARUS,belarus,belarus,flags-normal/flag-of-Belarus.png,https://www.countries-ofthe-world.com/flags-normal/flag-of-Belarus.png,flag-of-Belarus.png,flag-of-Belarus.png,belarus
45,BELGIUM,belgium,belgium,flags-normal/flag-of-Belgium.png,https://www.countries-ofthe-world.com/flags-normal/flag-of-Belgium.png,flag-of-Belgium.png,flag-of-Belgium.png,belgium
174,BELIZE,belize,belize,flags-normal/flag-of-Belize.png,https://www.countries-ofthe-world.com/flags-normal/flag-of-Belize.png,flag-of-Belize.png,flag-of-Belize.png,belize
135,BENIN,benin,benin,flags-normal/flag-of-Benin.png,https://www.countries-ofthe-world.com/flags-normal/flag-of-Benin.png,flag-of-Benin.png,flag-of-Benin.png,benin
106,BERMUDA,bermuda,bermuda,flags-normal/flag-of-Bermuda.png,,flag-of-Bermuda.png,flag-of-Bermuda.png,bermuda
187,BHUTAN,bhutan,bhutan,flags-normal/flag-of-Bhutan.png,https://www.countries-ofthe-world.com/flags-normal/flag-of-Bhutan.png,flag-of-Bhutan.png,flag-of-Bhutan.png,bhutan
9,BOLIVIA,bolivia,bolivia,flags-normal/flag-of-Bolivia.png,https://www.countries-ofthe-world.com/flags-normal/flag-of-Bolivia.png,flag-of-Bolivia.png,flag-of-Bolivia.png,bolivia
211,BONAIRE,bonaire,bonaire,flags-normal/flag-of-Bonaire.png,,flag-of-Bonaire.png,flag-of-Bonaire.png,bonaire
78,BOSNIA & HERZEGOVINA,bosnia and herzegovina,bosniaandherzegovina,flags-normal/flag-of-Bosnia-Herzegovina.png,https://www.countries-ofthe-world.com/flags-normal/flag-of-Bosnia-Herzegovina.png,flag-of-Bosnia-Herzegovina.png,,
137,BOTSWANA,botswana,botswana,flags-normal/flag-of-Botswana.png,https://www.countries-ofthe-world.com/flags-normal/flag-of-Botswana.png,flag-of-Botswana.png,flag-of-Botswana.png,botswana
2,BRAZIL,brazil,brazil,flags-normal/flag-of-Brazil.png,https://www.countries-ofthe-world.com/flags-normal/flag-of-Brazil.png,flag-of-Brazil.png,flag-of-Brazil.png,brazil
220,BRITISH VIRGIN ISLANDS,british virgin islands,britishvirginislands,flags-normal/flag-of-British-Virgin-Islands.png,,flag-of-British-Virgin-Islands.png,flag-of-British-Virgin-Islands.png,britishvirginislands
191,BRUNEI DARUSSALAM,brunei darussalam,brunei,flags-normal/flag-of-Brunei.png,https://www.countries-ofthe-world.com/flags-normal/flag-of-Brunei.png,flag-of-Brunei.png,flag-of-Brunei.png,brunei
46,BULGARIA,bulgaria,bulgaria,flags-normal/flag-of-Bulgaria.png,https://www.countries-ofthe-world.com/flags-normal/flag-of-Bulgaria.png,flag-of-Bulgaria.png,flag-of-Bulgaria.png,bulgaria
118,BURKINA FASO,burkina faso,burkinafaso,flags-normal/flag-of-Burkina-Faso.png,https://www.countries-ofthe-world.com/flags-normal/flag-of-Burkina-Faso.png,flag-of-Burkina-Faso.png,flag-of-Burkina-Faso.png,burkinafaso
143,BURUNDI,burundi,burundi,flags-normal/flag-of-Burundi.png,https://www.countries-ofthe-world.com/flags-normal/flag-of-Burundi.png,flag-of-Burundi.png,flag-of-Burundi.png,burundi
164,CAMBODIA,cambodia,cambodia,flags-normal/flag-of-Cambodia.png,https://www.countries-ofthe-world.com/flags-normal/flag-of-Cambodia.png,flag-of-Cambodia.png,flag-of-Cambodia.png,cambodia
110,CAMEROON,cameroon,cameroon,flags-normal/flag-of-Cameroon.png,https://www.countries-ofthe-world.com/flags-normal/flag-of-Cameroon.png,flag-of-Cameroon.png,flag-of-Cameroon.png,cameroon
96,CANADA,canada,canada,flags-normal/flag-of-Canada.png,https://www.countries-ofthe-world.com/flags-normal/flag-of-Canada.png,flag-of-Canada.png,flag-of-Canada.png,canada
119,CAPE VERDE,cape verde,capeverde,flags-normal/nan,,,,
178,CAYMAN ISLANDS,cayman islands,caymanislands,flags-normal/flag-of-Cayman-Islands.png,,flag-of-Cayman-Islands.png,flag-of-Cayman-Islands.png,caymanislands
197,CENTRAL AFRICAN REPUBLIC,central african republic,centralafricanrepublic,flags-normal/flag-of-Central-African-Republic.png,https://www.countries-ofthe-world.com/flags-normal/flag-of-Central-African-Republic.png,flag-of-Central-African-Republic.png,flag-of-Central-African-Republic.png,centralafricanrepublic
195,CHAD,chad,chad,flags-normal/flag-of-Chad.png,https://www.countries-ofthe-world.com/flags-normal/flag-of-Chad.png,flag-of-Chad.png,flag-of-Chad.png,chad
3,CHILE,chile,chile,flags-normal/flag-of-Chile.png,https://www.countries-ofthe-world.com/flags-normal/flag-of-Chile.png,flag-of-Chile.png,flag-of-Chile.png,chile
22,CHINA,china,china,flags-normal/flag-of-China.png,https://www.countries-ofthe-world.com/flags-normal/flag-of-China.png,flag-of-China.png,flag-of-China.png,china
157,CHINESE TAIPEI,chinese taipei,chinesetaipei,flags-normal/nan,,,,
4,COLOMBIA,colombia,colombia,flags-normal/flag-of-Colombia.png,https://www.countries-ofthe-world.com/flags-normal/flag-of-Colombia.png,flag-of-Colombia.png,flag-of-Colombia.png,colombia
199,COMOROS,comoros,comoros,flags-normal/flag-of-Comoros.png,https://www.countries-ofthe-world.com/flags-normal/flag-of-Comoros.png,flag-of-Comoros.png,flag-of-Comoros.png,comoros
120,CONGO,congo,congo,flags-normal/flag-of-Congo.png,,flag-of-Congo.png,flag-of-Congo.png,congo
155,COOK ISLANDS,cook islands,cookislands,flags-normal/flag-of-Cook-Islands.png,,flag-of-Cook-Islands.png,flag-of-Cook-Islands.png,cookislands
92,COSTA RICA,costa rica,costarica,flags-normal/flag-of-Costa-Rica.png,https://www.countries-ofthe-world.com/flags-normal/flag-of-Costa-Rica.png,flag-of-Costa-Rica.png,flag-of-Costa-Rica.png,costarica
111,COTE D’IVOIRE,cote d’ivoire,ivorycoast,flags-normal/nan,,,,
47,CROATIA,croatia,croatia,flags-normal/flag-of-Croatia.png,https://www.countries-ofthe-world.com/flags-normal/flag-of-Croatia.png,flag-of-Croatia.png,flag-of-Croatia.png,croatia
97,CUBA,cuba,cuba,flags-normal/flag-of-Cuba.png,https://www.countries-ofthe-world.com/flags-normal/flag-of-Cuba.png,flag-of-Cuba.png,flag-of-Cuba.png,cuba
177,CURACAO,curacao,curacao,flags-normal/flag-of-Curacao.png,,flag-of-Curacao.png,flag-of-Curacao.png,curacao
79,CYPRUS,cyprus,cyprus,flags-normal/flag-of-Cyprus.png,https://www.countries-ofthe-world.com/flags-normal/flag-of-Cyprus.png,flag-of-Cyprus.png,flag-of-Cyprus.png,cyprus
48,CZECH REPUBLIC,czech republic,czechia,flags-normal/flag-of-Czech-Republic.png,https://www.countries-ofthe-world.com/flags-normal/flag-of-Czech-Republic.png,flag-of-Czech-Republic.png,,
49,DENMARK,denmark,denmark,flags-normal/flag-of-Denmark.png,https://www.countries-ofthe-world.com/flags-normal/flag-of-Denmark.png,flag-of-Denmark.png,flag-of-Denmark.png,denmark
203,DJIBOUTI,djibouti,djibouti,flags-normal/flag-of-Djibouti.png,https://www.countries-ofthe-world.com/flags-normal/flag-of-Djibouti.png,flag-of-Djibouti.png,flag-of-Djibouti.png,djibouti
170,DOMINICA,dominica,dominica,flags-normal/flag-of-Dominica.png,https://www.countries-ofthe-world.com/flags-normal/flag-of-Dominica.png,flag-of-Dominica.png,flag-of-Dominica.png,dominica
171,DOMINICAN REPUBLIC,dominican republic,dominicanrepublic,flags-normal/flag-of-Dominican-Republic.png,https://www.countries-ofthe-world.com/flags-normal/flag-of-Dominican-Republic.png,flag-of-Dominican-Republic.png,flag-of-Dominican-Republic.png,dominicanrepublic
121,DR CONGO,dr congo,drcongo,flags-normal/nan,,,,
5,ECUADOR,ecuador,ecuador,flags-normal/flag-of-Ecuador.png,https://www.countries-ofthe-world.com/flags-normal/flag-of-Ecuador.png,flag-of-Ecuador.png,flag-of-Ecuador.png,ecuador
122,EGYPT,egypt,egypt,flags-normal/flag-of-Egypt.png,https://www.countries-ofthe-world.com/flags-normal/flag-of-Egypt.png,flag-of-Egypt.png,flag-of-Egypt.png,egypt
107,EL SALVADOR,el salvador,elsalvador,flags-normal/flag-of-El-Salvador.png,https://www.countries-ofthe-world.com/flags-normal/flag-of-El-Salvador.png,flag-of-El-Salvador.png,flag-of-El-Salvador.png,elsalvador
50,ENGLAND,england,england,flags-normal/flag-of-England.png,,flag-of-England.png,flag-of-England.png,england
133,EQUATORIAL GUINEA,equatorial guinea,equatorialguinea,flags-normal/flag-of-Equatorial-Guinea.png,https://www.countries-ofthe-world.com/flags-normal/flag-of-Equatorial-Guinea.png,flag-of-Equatorial-Guinea.png,flag-of-Equatorial-Guinea.png,equatorialguinea
201,ERITREA,eritrea,eritrea,flags-normal/flag-of-Eritrea.png,https://www.countries-ofthe-world.com/flags-normal/flag-of-Eritrea.png,flag-of-Eritrea.png,flag-of-Eritrea.png,eritrea
90,ESTONIA,estonia,estonia,flags-normal/flag-of-Estonia.png,https://www.countries-ofthe-world.com/flags-normal/flag-of-Estonia.png,flag-of-Estonia.png,flag-of-Estonia.png,estonia
150,ESWATINI,eswatini,eswatini,flags-normal/flag-of-Eswatini.png,https://www.countries-ofthe-world.com/flags-normal/flag-of-Eswatini.png,flag-of-Eswatini.png,flag-of-Eswatini.png,eswatini
140,ETHIOPIA,ethiopia,ethiopia,flags-normal/flag-of-Ethiopia.png,https://www.countries-ofthe-world.com/flags-normal/flag-of-Ethiopia.png,flag-of-Ethiopia.png,flag-of-Ethiopia.png,ethiopia
167,FAROE ISLANDS,faroe islands,faroeislands,flags-normal/flag-of-Faroe-Islands.png,,flag-of-Faroe-Islands.png,flag-of-Faroe-Islands.png,faroeislands
14,FIJI,fiji,fiji,flags-normal/flag-of-Fiji.png,https://www.countries-ofthe-world.com/flags-normal/flag-of-Fiji.png,flag-of-Fiji.png,flag-of-Fiji.png,fiji
51,FINLAND,finland,finland,flags-normal/flag-of-Finland.png,https://www.countries-ofthe-world.com/flags-normal/flag-of-Finland.png,flag-of-Finland.png,flag-of-Finland.png,finland
52,FRANCE,france,france,flags-normal/flag-of-France.png,https://www.countries-ofthe-world.com/flags-normal/flag-of-France.png,flag-of-France.png,flag-of-France.png,france
212,FRENCH GUIANA,french guiana,frenchguiana,flags-normal/flag-of-French-Guiana.png,,flag-of-French-Guiana.png,flag-of-French-Guiana.png,frenchguiana
215,FS MICRONESIA,fs micronesia,fsmicronesia,flags-normal/nan,,,,
124,GABON,gabon,gabon,flags-normal/flag-of-Gabon.png,https://www.countries-ofthe-world.com/flags-normal/flag-of-Gabon.png,flag-of-Gabon.png,flag-of-Gabon.png,gabon
141,GAMBIA,gambia,gambia,flags-normal/flag-of-Gambia.png,https://www.countries-ofthe-world.com/flags-normal/flag-of-Gambia.png,flag-of-Gambia.png,flag-of-Gambia.png,gambia
80,GEORGIA,georgia,georgia,flags-normal/flag-of-Georgia.png,https://www.countries-ofthe-world.com/flags-normal/flag-of-Georgia.png,flag-of-Georgia.png,flag-of-Georgia.png,georgia
53,GERMANY,germany,germany,flags-normal/flag-of-Germany.png,https://www.countries-ofthe-world.com/flags-normal/flag-of-Germany.png,flag-of-Germany.png,flag-of-Germany.png,germany
112,GHANA,ghana,ghana,flags-normal/flag-of-Ghana.png,https://www.countries-ofthe-world.com/flags-normal/flag-of-Ghana.png,flag-of-Ghana.png,flag-of-Ghana.png,ghana
204,GIBRALTAR,gibraltar,gibraltar,flags-normal/flag-of-Gibraltar.png,,flag-of-Gibraltar.png,flag-of-Gibraltar.png,gibraltar
54,GREECE,greece,greece,flags-normal/flag-of-Greece.png,https://www.countries-ofthe-world.com/flags-normal/flag-of-Greece.png,flag-of-Greece.png,flag-of-Greece.png,greece
173,GRENADA,grenada,grenada,flags-normal/flag-of-Grenada.png,https://www.countries-ofthe-world.com/flags-normal/flag-of-Grenada.png,flag-of-Grenada.png,flag-of-Grenada.png,grenada
213,GUADELOUPE,guadeloupe,guadeloupe,flags-normal/flag-of-Guadeloupe.png,,flag-of-Guadeloupe.png,flag-of-Guadeloupe.png,guadeloupe
223,GUAM,guam,guam,flags-normal/flag-of-Guam.png,,flag-of-Guam.png,flag-of-Guam.png,guam
98,GUATEMALA,guatemala,guatemala,flags-normal/flag-of-Guatemala.png,https://www.countries-ofthe-world.com/flags-normal/flag-of-Guatemala.png,flag-of-Guatemala.png,flag-of-Guatemala.png,guatemala
125,GUINEA,guinea,guinea,flags-normal/flag-of-Guinea.png,https://www.countries-ofthe-world.com/flags-normal/flag-of-Guinea.png,flag-of-Guinea.png,flag-of-Guinea.png,guinea
181,GUINEA BISSAU,guinea bissau,guineabissau,flags-normal/flag-of-Guinea-Bissau.png,https://www.countries-ofthe-world.com/flags-normal/flag-of-Guinea-Bissau.png,flag-of-Guinea-Bissau.png,flag-of-Guinea-Bissau.png,guineabissau
99,GUYANA,guyana,guyana,flags-normal/flag-of-Guyana.png,https://www.countries-ofthe-world.com/flags-normal/flag-of-Guyana.png,flag-of-Guyana.png,flag-of-Guyana.png,guyana
100,HAITI,haiti,haiti,flags-normal/flag-of-Haiti.png,https://www.countries-ofthe-world.com/flags-normal/flag-of-Haiti.png,flag-of-Haiti.png,flag-of-Haiti.png,haiti
101,HONDURAS,honduras,honduras,flags-normal/flag-of-Honduras.png,https://www.countries-ofthe-world.com/flags-normal/flag-of-Honduras.png,flag-of-Honduras.png,flag-of-Honduras.png,honduras
31,HONG KONG,hong kong,hongkong,flags-normal/flag-of-Hong-Kong.png,,flag-of-Hong-Kong.png,flag-of-Hong-Kong.png,hongkong
55,HUNGARY,hungary,hungary,flags-normal/flag-of-Hungary.png,https://www.countries-ofthe-world.com/flags-normal/flag-of-Hungary.png,flag-of-Hungary.png,flag-of-Hungary.png,hungary
81,ICELAND,iceland,iceland,flags-normal/flag-of-Iceland.png,https://www.countries-ofthe-world.com/flags-normal/flag-of-Iceland.png,flag-of-Iceland.png,flag-of-Iceland.png,iceland
43,INDIA,india,india,flags-normal/flag-of-India.png,https://www.countries-ofthe-world.com/flags-normal/flag-of-India.png,flag-of-India.png,flag-of-India.png,india
39,INDONESIA,indonesia,indonesia,flags-normal/flag-of-Indonesia.png,https://www.countries-ofthe-world.com/flags-normal/flag-of-Indonesia.png,flag-of-Indonesia.png,flag-of-Indonesia.png,indonesia
17,IRAN,iran,iran,flags-normal/flag-of-Iran.png,https://www.countries-ofthe-world.com/flags-normal/flag-of-Iran.png,flag-of-Iran.png,flag-of-Iran.png,iran
24,IRAQ,iraq,iraq,flags-normal/flag-of-Iraq.png,https://www.countries-ofthe-world.com/flags-normal/flag-of-Iraq.png,flag-of-Iraq.png,flag-of-Iraq.png,iraq
82,ISRAEL,israel,israel,flags-normal/flag-of-Israel.png,https://www.countries-ofthe-world.com/flags-normal/flag-of-Israel.png,flag-of-Israel.png,flag-of-Israel.png,israel
57,ITALY,italy,italy,flags-normal/flag-of-Italy.png,https://www.countries-ofthe-world.com/flags-normal/flag-of-Italy.png,flag-of-Italy.png,flag-of-Italy.png,italy
102,JAMAICA,jamaica,jamaica,flags-normal/flag-of-Jamaica.png,https://www.countries-ofthe-world.com/flags-normal/flag-of-Jamaica.png,flag-of-Jamaica.png,flag-of-Jamaica.png,jamaica
18,JAPAN,japan,japan,flags-normal/flag-of-Japan.png,https://www.countries-ofthe-world.com/flags-normal/flag-of-Japan.png,flag-of-Japan.png,flag-of-Japan.png,japan
25,JORDAN,jordan,jordan,flags-normal/flag-of-Jordan.png,https://www.countries-ofthe-world.com/flags-normal/flag-of-Jordan.png,flag-of-Jordan.png,flag-of-Jordan.png,jordan
87,KAZAKHSTAN,kazakhstan,kazakhstan,flags-normal/flag-of-Kazakhstan.png,https://www.countries-ofthe-world.com/flags-normal/flag-of-Kazakhstan.png,flag-of-Kazakhstan.png,flag-of-Kazakhstan.png,kazakhstan
136,KENYA,kenya,kenya,flags-normal/flag-of-Kenya.png,https://www.countries-ofthe-world.com/flags-normal/flag-of-Kenya.png,flag-of-Kenya.png,flag-of-Kenya.png,kenya
34,KOREA DPR,korea dpr,northkorea,flags-normal/flag-of-Korea-North.png,https://www.countries-ofthe-world.com/flags-normal/flag-of-Korea-North.png,flag-of-Korea-North.png,,
194,KOSOVO,kosovo,kosovo,flags-normal/flag-of-Kosovo.png,https://www.countries-ofthe-world.com/flags-normal/flag-of-Kosovo.png,flag-of-Kosovo.png,flag-of-Kosovo.png,kosovo
26,KUWAIT,kuwait,kuwait,flags-normal/flag-of-Kuwait.png,https://www.countries-ofthe-world.com/flags-normal/flag-of-Kuwait.png,flag-of-Kuwait.png,flag-of-Kuwait.png,kuwait
40,KYRGYZSTAN,kyrgyzstan,kyrgyzstan,flags-normal/flag-of-Kyrgyzstan.png,https://www.countries-ofthe-world.com/flags-normal/flag-of-Kyrgyzstan.png,flag-of-Kyrgyzstan.png,flag-of-Kyrgyzstan.png,kyrgyzstan
186,LAOS,laos,laos,flags-normal/flag-of-Laos.png,https://www.countries-ofthe-world.com/flags-normal/flag-of-Laos.png,flag-of-Laos.png,flag-of-Laos.png,laos
58,LATVIA,latvia,latvia,flags-normal/flag-of-Latvia.png,https://www.countries-ofthe-world.com/flags-normal/flag-of-Latvia.png,flag-of-Latvia.png,flag-of-Latvia.png,latvia
37,LEBANON,lebanon,lebanon,flags-normal/flag-of-Lebanon.png,https://www.countries-ofthe-world.com/flags-normal/flag-of-Lebanon.png,flag-of-Lebanon.png,flag-of-Lebanon.png,lebanon
200,LESOTHO,lesotho,lesotho,flags-normal/flag-of-Lesotho.png,https://www.countries-ofthe-world.com/flags-normal/flag-of-Lesotho.png,flag-of-Lesotho.png,flag-of-Lesotho.png,lesotho
149,LIBERIA,liberia,liberia,flags-normal/flag-of-Liberia.png,https://www.countries-ofthe-world.com/flags-normal/flag-of-Liberia.png,flag-of-Liberia.png,flag-of-Liberia.png,liberia
126,LIBYA,libya,libya,flags-normal/flag-of-Libya.png,https://www.countries-ofthe-world.com/flags-normal/flag-of-Libya.png,flag-of-Libya.png,flag-of-Libya.png,libya
89,LIECHTENSTEIN,liechtenstein,liechtenstein,flags-normal/flag-of-Liechtenstein.png,https://www.countries-ofthe-world.com/flags-normal/flag-of-Liechtenstein.png,flag-of-Liechtenstein.png,flag-of-Liechtenstein.png,liechtenstein
83,LITHUANIA,lithuania,lithuania,flags-normal/flag-of-Lithuania.png,https://www.countries-ofthe-world.com/flags-normal/flag-of-Lithuania.png,flag-of-Lithuania.png,flag-of-Lithuania.png,lithuania
152,LUXEMBOURG,luxembourg,luxembourg,flags-normal/flag-of-Luxembourg.png,https://www.countries-ofthe-world.com/flags-normal/flag-of-Luxembourg.png,flag-of-Luxembourg.png,flag-of-Luxembourg.png,luxembourg
160,MACAU,macau,macau,flags-normal/flag-of-Macau.png,,flag-of-Macau.png,flag-of-Macau.png,macau
182,MADAGASCAR,madagascar,madagascar,flags-normal/flag-of-Madagascar.png,https://www.countries-ofthe-world.com/flags-normal/flag-of-Madagascar.png,flag-of-Madagascar.png,flag-of-Madagascar.png,madagascar
146,MALAWI,malawi,malawi,flags-normal/flag-of-Malawi.png,https://www.countries-ofthe-world.com/flags-normal/flag-of-Malawi.png,flag-of-Malawi.png,flag-of-Malawi.png,malawi
151,MALAYSIA,malaysia,malaysia,flags-normal/flag-of-Malaysia.png,https://www.countries-ofthe-world.com/flags-normal/flag-of-Malaysia.png,flag-of-Malaysia.png,flag-of-Malaysia.png,malaysia
162,MALDIVES,maldives,maldives,flags-normal/flag-of-Maldives.png,https://www.countries-ofthe-world.com/flags-normal/flag-of-Maldives.png,flag-of-Maldives.png,flag-of-Maldives.png,maldives
127,MALI,mali,mali,flags-normal/flag-of-Mali.png,https://www.countries-ofthe-world.com/flags-normal/flag-of-Mali.png,flag-of-Mali.png,flag-of-Mali.png,mali
91,MALTA,malta,malta,flags-normal/flag-of-Malta.png,https://www.countries-ofthe-world.com/flags-normal/flag-of-Malta.png,flag-of-Malta.png,flag-of-Malta.png,malta
214,MARTINIQUE,martinique,martinique,flags-normal/flag-of-Martinique.png,,flag-of-Martinique.png,flag-of-Martinique.png,martinique
147,MAURITANIA,mauritania,mauritania,flags-normal/flag-of-Mauritania.png,https://www.countries-ofthe-world.com/flags-normal/flag-of-Mauritania.png,flag-of-Mauritania.png,flag-of-Mauritania.png,mauritania
183,MAURITIUS,mauritius,mauritius,flags-normal/flag-of-Mauritius.png,https://www.countries-ofthe-world.com/flags-normal/flag-of-Mauritius.png,flag-of-Mauritius.png,flag-of-Mauritius.png,mauritius
205,MAYOTTE,mayotte,mayotte,flags-normal/flag-of-Mayotte.png,,flag-of-Mayotte.png,flag-of-Mayotte.png,mayotte
93,MEXICO,mexico,mexico,flags-normal/flag-of-Mexico.png,https://www.countries-ofthe-world.com/flags-normal/flag-of-Mexico.png,flag-of-Mexico.png,flag-of-Mexico.png,mexico
85,MOLDOVA,moldova,moldova,flags-normal/flag-of-Moldova.png,https://www.countries-ofthe-world.com/flags-normal/flag-of-Moldova.png,flag-of-Moldova.png,flag-of-Moldova.png,moldova
189,MONGOLIA,mongolia,mongolia,flags-normal/flag-of-Mongolia.png,https://www.countries-ofthe-world.com/flags-normal/flag-of-Mongolia.png,flag-of-Mongolia.png,flag-of-Mongolia.png,mongolia
184,MONTENEGRO,montenegro,montenegro,flags-normal/flag-of-Montenegro.png,https://www.countries-ofthe-world.com/flags-normal/flag-of-Montenegro.png,flag-of-Montenegro.png,flag-of-Montenegro.png,montenegro
216,MONTSERRAT,montserrat,montserrat,flags-normal/flag-of-Montserrat.png,,flag-of-Montserrat.png,flag-of-Montserrat.png,montserrat
128,MOROCCO,morocco,morocco,flags-normal/flag-of-Morocco.png,https://www.countries-ofthe-world.com/flags-normal/flag-of-Morocco.png,flag-of-Morocco.png,flag-of-Morocco.png,morocco
134,MOZAMBIQUE,mozambique,mozambique,flags-normal/flag-of-Mozambique.png,https://www.countries-ofthe-world.com/flags-normal/flag-of-Mozambique.png,flag-of-Mozambique.png,flag-of-Mozambique.png,mozambique
188,MYANMAR,myanmar,myanmar,flags-normal/flag-of-Myanmar.png,https://www.countries-ofthe-world.com/flags-normal/flag-of-Myanmar.png,flag-of-Myanmar.png,flag-of-Myanmar.png,myanmar
142,NAMIBIA,namibia,namibia,flags-normal/flag-of-Namibia.png,https://www.countries-ofthe-world.com/flags-normal/flag-of-Namibia.png,flag-of-Namibia.png,flag-of-Namibia.png,namibia
158,NEPAL,nepal,nepal,flags-normal/flag-of-Nepal.png,https://www.countries-ofthe-world.com/flags-normal/flag-of-Nepal.png,flag-of-Nepal.png,flag-of-Nepal.png,nepal
59,NETHERLANDS,netherlands,netherlands,flags-normal/flag-of-Netherlands.png,https://www.countries-ofthe-world.com/flags-normal/flag-of-Netherlands.png,flag-of-Netherlands.png,flag-of-Netherlands.png,netherlands
12,NEW CALEDONIA,new caledonia,newcaledonia,flags-normal/flag-of-New-Caledonia.png,,flag-of-New-Caledonia.png,flag-of-New-Caledonia.png,newcaledonia
11,NEW ZEALAND,new zealand,newzealand,flags-normal/flag-of-New-Zealand.png,https://www.countries-ofthe-world.com/flags-normal/flag-of-New-Zealand.png,flag-of-New-Zealand.png,flag-of-New-Zealand.png,newzealand
176,NICARAGUA,nicaragua,nicaragua,flags-normal/flag-of-Nicaragua.png,https://www.countries-ofthe-world.com/flags-normal/flag-of-Nicaragua.png,flag-of-Nicaragua.png,flag-of-Nicaragua.png,nicaragua
196,NIGER,niger,niger,flags-normal/flag-of-Niger.png,https://www.countries-ofthe-world.com/flags-normal/flag-of-Niger.png,flag-of-Niger.png,flag-of-Niger.png,niger
113,NIGERIA,nigeria,nigeria,flags-normal/flag-of-Nigeria.png,https://www.countries-ofthe-world.com/flags-normal/flag-of-Nigeria.png,flag-of-Nigeria.png,flag-of-Nigeria.png,nigeria
84,NORTH MACEDONIA,north macedonia,northmacedonia,flags-normal/flag-of-North-Macedonia.png,https://www.countries-ofthe-world.com/flags-normal/flag-of-North-Macedonia.png,flag-of-North-Macedonia.png,flag-of-North-Macedonia.png,northmacedonia
60,NORTHERN IRELAND,northern ireland,northernireland,flags-normal/flag-of-Northern-Ireland.png,,flag-of-Northern-Ireland.png,flag-of-Northern-Ireland.png,northernireland
224,NORTHERN MARIANA ISLANDS,northern mariana islands,northernmarianaislands,flags-normal/flag-of-Northern-Mariana-Islands.png,,flag-of-Northern-Mariana-Islands.png,flag-of-Northern-Mariana-Islands.png,northernmarianaislands
61,NORWAY,norway,norway,flags-normal/flag-of-Norway.png,https://www.countries-ofthe-world.com/flags-normal/flag-of-Norway.png,flag-of-Norway.png,flag-of-Norway.png,norway
27,OMAN,oman,oman,flags-normal/flag-of-Oman.png,https://www.countries-ofthe-world.com/flags-normal/flag-of-Oman.png,flag-of-Oman.png,flag-of-Oman.png,oman
165,PAKISTAN,pakistan,pakistan,flags-normal/flag-of-Pakistan.png,https://www.countries-ofthe-world.com/flags-normal/flag-of-Pakistan.png,flag-of-Pakistan.png,flag-of-Pakistan.png,pakistan
225,PALAU,palau,palau,flags-normal/flag-of-Palau.png,https://www.countries-ofthe-world.com/flags-normal/flag-of-Palau.png,flag-of-Palau.png,flag-of-Palau.png,palau
185,PALESTINE,palestine,palestine,flags-normal/flag-of-Palestine.png,https://www.countries-ofthe-world.com/flags-normal/flag-of-Palestine.png,flag-of-Palestine.png,flag-of-Palestine.png,palestine
103,PANAMA,panama,panama,flags-normal/flag-of-Panama.png,https://www.countries-ofthe-world.com/flags-normal/flag-of-Panama.png,flag-of-Panama.png,flag-of-Panama.png,panama
156,PAPUA NEW GUINEA,papua new guinea,papuanewguinea,flags-normal/flag-of-Papua-New-Guinea.png,https://www.countries-ofthe-world.com/flags-normal/flag-of-Papua-New-Guinea.png,flag-of-Papua-New-Guinea.png,flag-of-Papua-New-Guinea.png,papuanewguinea
6,PARAGUAY,paraguay,paraguay,flags-normal/flag-of-Paraguay.png,https://www.countries-ofthe-world.com/flags-normal/flag-of-Paraguay.png,flag-of-Paraguay.png,flag-of-Paraguay.png,paraguay
7,PERU,peru,peru,flags-normal/flag-of-Peru.png,https://www.countries-ofthe-world.com/flags-normal/flag-of-Peru.png,flag-of-Peru.png,flag-of-Peru.png,peru
159,PHILIPPINES,philippines,philippines,flags-normal/flag-of-Philippines.png,https://www.countries-ofthe-world.com/flags-normal/flag-of-Philippines.png,flag-of-Philippines.png,flag-of-Philippines.png,philippines
62,POLAND,poland,poland,flags-normal/flag-of-Poland.png,https://www.countries-ofthe-world.com/flags-normal/flag-of-Poland.png,flag-of-Poland.png,flag-of-Poland.png,poland
63,PORTUGAL,portugal,portugal,flags-normal/flag-of-Portugal.png,https://www.countries-ofthe-world.com/flags-normal/flag-of-Portugal.png,flag-of-Portugal.png,flag-of-Portugal.png,portugal
168,PUERTO RICO,puerto rico,puertorico,flags-normal/flag-of-Puerto-Rico.png,,flag-of-Puerto-Rico.png,flag-of-Puerto-Rico.png,puertorico
28,QATAR,qatar,qatar,flags-normal/flag-of-Qatar.png,https://www.countries-ofthe-world.com/flags-normal/flag-of-Qatar.png,flag-of-Qatar.png,flag-of-Qatar.png,qatar
56,REPUBLIC OF IRELAND,republic of ireland,republicofireland,flags-normal/nan,,,,
206,REUNION,reunion,reunion,flags-normal/flag-of-Reunion.png,,flag-of-Reunion.png,flag-of-Reunion.png,reunion
64,ROMANIA,romania,romania,flags-normal/flag-of-Romania.png,https://www.countries-ofthe-world.com/flags-normal/flag-of-Romania.png,flag-of-Romania.png,flag-of-Romania.png,romania
65,RUSSIA,russia,russia,flags-normal/flag-of-Russia.png,https://www.countries-ofthe-world.com/flags-normal/flag-of-Russia.png,flag-of-Russia.png,flag-of-Russia.png,russia
144,RWANDA,rwanda,rwanda,flags-normal/flag-of-Rwanda.png,https://www.countries-ofthe-world.com/flags-normal/flag-of-Rwanda.png,flag-of-Rwanda.png,flag-of-Rwanda.png,rwanda
217,SAINT MARTIN,saint martin,saintmartin,flags-normal/flag-of-Saint-Martin.png,,flag-of-Saint-Martin.png,flag-of-Saint-Martin.png,saintmartin
16,SAMOA,samoa,samoa,flags-normal/flag-of-Samoa.png,https://www.countries-ofthe-world.com/flags-normal/flag-of-Samoa.png,flag-of-Samoa.png,flag-of-Samoa.png,samoa
166,SAN MARINO,san marino,sanmarino,flags-normal/flag-of-San-Marino.png,https://www.countries-ofthe-world.com/flags-normal/flag-of-San-Marino.png,flag-of-San-Marino.png,flag-of-San-Marino.png,sanmarino
207,SAO TOME AND PRINCIPE,sao tome and principe,saotomeandprincipe,flags-normal/flag-of-Sao-Tome-and-Principe.png,https://www.countries-ofthe-world.com/flags-normal/flag-of-Sao-Tome-and-Principe.png,flag-of-Sao-Tome-and-Principe.png,flag-of-Sao-Tome-and-Principe.png,saotomeandprincipe
19,SAUDI ARABIA,saudi arabia,saudiarabia,flags-normal/flag-of-Saudi-Arabia.png,https://www.countries-ofthe-world.com/flags-normal/flag-of-Saudi-Arabia.png,flag-of-Saudi-Arabia.png,flag-of-Saudi-Arabia.png,saudiarabia
66,SCOTLAND,scotland,scotland,flags-normal/flag-of-Scotland.png,,flag-of-Scotland.png,flag-of-Scotland.png,scotland
129,SENEGAL,senegal,senegal,flags-normal/flag-of-Senegal.png,https://www.countries-ofthe-world.com/flags-normal/flag-of-Senegal.png,flag-of-Senegal.png,flag-of-Senegal.png,senegal
67,SERBIA,serbia,serbia,flags-normal/flag-of-Serbia.png,https://www.countries-ofthe-world.com/flags-normal/flag-of-Serbia.png,flag-of-Serbia.png,flag-of-Serbia.png,serbia
198,SEYCHELLES,seychelles,seychelles,flags-normal/flag-of-Seychelles.png,https://www.countries-ofthe-world.com/flags-normal/flag-of-Seychelles.png,flag-of-Seychelles.png,flag-of-Seychelles.png,seychelles
123,SIERRA LEONE,sierra leone,sierraleone,flags-normal/flag-of-Sierra-Leone.png,https://www.countries-ofthe-world.com/flags-normal/flag-of-Sierra-Leone.png,flag-of-Sierra-Leone.png,flag-of-Sierra-Leone.png,sierraleone
36,SINGAPORE,singapore,singapore,flags-normal/flag-of-Singapore.png,https://www.countries-ofthe-world.com/flags-normal/flag-of-Singapore.png,flag-of-Singapore.png,flag-of-Singapore.png,singapore
218,SINT MAARTEN,sint maarten,sintmaarten,flags-normal/flag-of-Sint-Maarten.png,,flag-of-Sint-Maarten.png,flag-of-Sint-Maarten.png,sintmaarten
68,SLOVAKIA,slovakia,slovakia,flags-normal/flag-of-Slovakia.png,https://www.countries-ofthe-world.com/flags-normal/flag-of-Slovakia.png,flag-of-Slovakia.png,flag-of-Slovakia.png,slovakia
69,SLOVENIA,slovenia,slovenia,flags-normal/flag-of-Slovenia.png,https://www.countries-ofthe-world.com/flags-normal/flag-of-Slovenia.png,flag-of-Slovenia.png,flag-of-Slovenia.png,slovenia
13,SOLOMON ISLANDS,solomon islands,solomonislands,flags-normal/flag-of-Solomon-Islands.png,https://www.countries-ofthe-world.com/flags-normal/flag-of-Solomon-Islands.png,flag-of-Solomon-Islands.png,flag-of-Solomon-Islands.png,solomonislands
202,SOMALIA,somalia,somalia,flags-normal/flag-of-Somalia.png,https://www.countries-ofthe-world.com/flags-normal/flag-of-Somalia.png,flag-of-Somalia.png,flag-of-Somalia.png,somalia
114,SOUTH AFRICA,south africa,southafrica,flags-normal/flag-of-South-Africa.png,https://www.countries-ofthe-world.com/flags-normal/flag-of-South-Africa.png,flag-of-South-Africa.png,flag-of-South-Africa.png,southafrica
20,SOUTH KOREA,south korea,southkorea,flags-normal/flag-of-Korea-South.png,https://www.countries-ofthe-world.com/flags-normal/flag-of-Korea-South.png,flag-of-Korea-South.png,,
208,SOUTH SUDAN,south sudan,southsudan,flags-normal/flag-of-South-Sudan.png,https://www.countries-ofthe-world.com/flags-normal/flag-of-South-Sudan.png,flag-of-South-Sudan.png,flag-of-South-Sudan.png,southsudan
70,SPAIN,spain,spain,flags-normal/flag-of-Spain.png,https://www.countries-ofthe-world.com/flags-normal/flag-of-Spain.png,flag-of-Spain.png,flag-of-Spain.png,spain
163,SRI LANKA,sri lanka,srilanka,flags-normal/flag-of-Sri-Lanka.png,https://www.countries-ofthe-world.com/flags-normal/flag-of-Sri-Lanka.png,flag-of-Sri-Lanka.png,flag-of-Sri-Lanka.png,srilanka
169,ST KITTS AND NEVIS,saint  kitts and nevis,saintkittsandnevis,flags-normal/flag-of-St-Kitts-Nevis.png,https://www.countries-ofthe-world.com/flags-normal/flag-of-St-Kitts-Nevis.png,flag-of-St-Kitts-Nevis.png,,
180,ST LUCIA,saint  lucia,saintlucia,flags-normal/flag-of-St-Lucia.png,https://www.countries-ofthe-world.com/flags-normal/flag-of-St-Lucia.png,flag-of-St-Lucia.png,,
104,ST VINCENT AND THE GRENADINES,saint  vincent and the grenadines,saintvincentandthegrenadines,flags-normal/flag-of-St-Vincent-the-Grenadines.png,https://www.countries-ofthe-world.com/flags-normal/flag-of-St-Vincent-the-Grenadines.png,flag-of-St-Vincent-the-Grenadines.png,,
139,SUDAN,sudan,sudan,flags-normal/flag-of-Sudan.png,https://www.countries-ofthe-world.com/flags-normal/flag-of-Sudan.png,flag-of-Sudan.png,flag-of-Sudan.png,sudan
179,SURINAME,suriname,suriname,flags-normal/flag-of-Suriname.png,https://www.countries-ofthe-world.com/flags-normal/flag-of-Suriname.png,flag-of-Suriname.png,flag-of-Suriname.png,suriname
71,SWEDEN,sweden,sweden,flags-normal/flag-of-Sweden.png,https://www.countries-ofthe-world.com/flags-normal/flag-of-Sweden.png,flag-of-Sweden.png,flag-of-Sweden.png,sweden
72,SWITZERLAND,switzerland,switzerland,flags-normal/flag-of-Switzerland.png,https://www.countries-ofthe-world.com/flags-normal/flag-of-Switzerland.png,flag-of-Switzerland.png,flag-of-Switzerland.png,switzerland
32,SYRIA,syria,syria,flags-normal/flag-of-Syria.png,https://www.countries-ofthe-world.com/flags-normal/flag-of-Syria.png,flag-of-Syria.png,flag-of-Syria.png,syria
154,TAHITI,tahiti,tahiti,flags-normal/flag-of-Tahiti.png,,flag-of-Tahiti.png,flag-of-Tahiti.png,tahiti
41,TAJIKISTAN,tajikistan,tajikistan,flags-normal/flag-of-Tajikistan.png,https://www.countries-ofthe-world.com/flags-normal/flag-of-Tajikistan.png,flag-of-Tajikistan.png,flag-of-Tajikistan.png,tajikistan
138,TANZANIA,tanzania,tanzania,flags-normal/flag-of-Tanzania.png,https://www.countries-ofthe-world.com/flags-normal/flag-of-Tanzania.png,flag-of-Tanzania.png,flag-of-Tanzania.png,tanzania
33,THAILAND,thailand,thailand,flags-normal/flag-of-Thailand.png,https://www.countries-ofthe-world.com/flags-normal/flag-of-Thailand.png,flag-of-Thailand.png,flag-of-Thailand.png,thailand
226,TIBET,tibet,tibet,flags-normal/flag-of-Tibet.png,,flag-of-Tibet.png,flag-of-Tibet.png,tibet
192,TIMOR-LESTE,timor-leste,timorleste,flags-normal/flag-of-Timor-Leste.png,https://www.countries-ofthe-world.com/flags-normal/flag-of-Timor-Leste.png,flag-of-Timor-Leste.png,flag-of-Timor-Leste.png,timorleste
115,TOGO,togo,togo,flags-normal/flag-of-Togo.png,https://www.countries-ofthe-world.com/flags-normal/flag-of-Togo.png,flag-of-Togo.png,flag-of-Togo.png,togo
153,TONGA,tonga,tonga,flags-normal/flag-of-Tonga.png,https://www.countries-ofthe-world.com/flags-normal/flag-of-Tonga.png,flag-of-Tonga.png,flag-of-Tonga.png,tonga
94,TRINIDAD & TOBAGO,trinidad and tobago,trinidadandtobago,flags-normal/flag-of-Trinidad-and-Tobago.png,https://www.countries-ofthe-world.com/flags-normal/flag-of-Trinidad-and-Tobago.png,flag-of-Trinidad-and-Tobago.png,flag-of-Trinidad-and-Tobago.png,trinidadandtobago
116,TUNISIA,tunisia,tunisia,flags-normal/flag-of-Tunisia.png,https://www.countries-ofthe-world.com/flags-normal/flag-of-Tunisia.png,flag-of-Tunisia.png,flag-of-Tunisia.png,tunisia
73,TURKEY,turkey,turkey,flags-normal/flag-of-Turkey.png,https://www.countries-ofthe-world.com/flags-normal/flag-of-Turkey.png,flag-of-Turkey.png,flag-of-Turkey.png,turkey
35,TURKMENISTAN,turkmenistan,turkmenistan,flags-normal/flag-of-Turkmenistan.png,https://www.countries-ofthe-world.com/flags-normal/flag-of-Turkmenistan.png,flag-of-Turkmenistan.png,flag-of-Turkmenistan.png,turkmenistan
219,TURKS AND CAICOS ISLANDS,turks and caicos islands,turksandcaicosislands,flags-normal/flag-of-Turks-and-Caicos-Islands.png,,flag-of-Turks-and-Caicos-Islands.png,flag-of-Turks-and-Caicos-Islands.png,turksandcaicosislands
130,UGANDA,uganda,uganda,flags-normal/flag-of-Uganda.png,https://www.countries-ofthe-world.com/flags-normal/flag-of-Uganda.png,flag-of-Uganda.png,flag-of-Uganda.png,uganda
74,UKRAINE,ukraine,ukraine,flags-normal/flag-of-Ukraine.png,https://www.countries-ofthe-world.com/flags-normal/flag-of-Ukraine.png,flag-of-Ukraine.png,flag-of-Ukraine.png,ukraine
29,UNITED ARAB EMIRATES,united arab emirates,unitedarabemirates,flags-normal/flag-of-United-Arab-Emirates.png,https://www.countries-ofthe-world.com/flags-normal/flag-of-United-Arab-Emirates.png,flag-of-United-Arab-Emirates.png,flag-of-United-Arab-Emirates.png,unitedarabemirates
8,URUGUAY,uruguay,uruguay,flags-normal/flag-of-Uruguay.png,https://www.countries-ofthe-world.com/flags-normal/flag-of-Uruguay.png,flag-of-Uruguay.png,flag-of-Uruguay.png,uruguay
221,US VIRGIN ISLANDS,us virgin islands,usvirginislands,flags-normal/flag-of-US-Virgin-Islands.png,,flag-of-US-Virgin-Islands.png,flag-of-US-Virgin-Islands.png,usvirginislands
95,USA,usa,unitedstates,flags-normal/nan,,,,
30,UZBEKISTAN,uzbekistan,uzbekistan,flags-normal/flag-of-Uzbekistan.png,https://www.countries-ofthe-world.com/flags-normal/flag-of-Uzbekistan.png,flag-of-Uzbekistan.png,flag-of-Uzbekistan.png,uzbekistan
15,VANUATU,vanuatu,vanuatu,flags-normal/flag-of-Vanuatu.png,https://www.countries-ofthe-world.com/flags-normal/flag-of-Vanuatu.png,flag-of-Vanuatu.png,flag-of-Vanuatu.png,vanuatu
10,VENEZUELA,venezuela,venezuela,flags-normal/flag-of-Venezuela.png,https://www.countries-ofthe-world.com/flags-normal/flag-of-Venezuela.png,flag-of-Venezuela.png,flag-of-Venezuela.png,venezuela
38,VIETNAM,vietnam,vietnam,flags-normal/flag-of-Vietnam.png,https://www.countries-ofthe-world.com/flags-normal/flag-of-Vietnam.png,flag-of-Vietnam.png,flag-of-Vietnam.png,vietnam
75,WALES,wales,wales,flags-normal/flag-of-Wales.png,,flag-of-Wales.png,flag-of-Wales.png,wales
42,YEMEN,yemen,yemen,flags-normal/flag-of-Yemen.png,https://www.countries-ofthe-world.com/flags-normal/flag-of-Yemen.png,flag-of-Yemen.png,flag-of-Yemen.png,yemen
131,ZAMBIA,zambia,zambia,flags-normal/flag-of-Zambia.png,https://www.countries-ofthe-world.com/flags-normal/flag-of-Zambia.png,flag-of-Zambia.png,flag-of-Zambia.png,zambia
209,ZANZIBAR,zanzibar,zanzibar,flags-normal/flag-of-Zanzibar.png,,flag-of-Zanzibar.png,flag-of-Zanzibar.png,zanzibar
132,ZIMBABWE,zimbabwe,zimbabwe,flags-normal/flag-of-Zimbabwe.png,https://www.countries-ofthe-world.com/flags-normal/flag-of-Zimbabwe.png,flag-of-Zimbabwe.png,flag-of-Zimbabwe.png,zimbabwe
