countryid,NationalTeamName,FlagPath,FlagPathWeb
190,AFGHANISTAN,flags-normal/flag-of-Afghanistan.png,https://www.countries-ofthe-world.com/flags-normal/flag-of-Afghanistan.png
76,ALBANIA,flags-normal/flag-of-Albania.png,https://www.countries-ofthe-world.com/flags-normal/flag-of-Albania.png
117,ALGERIA,flags-normal/flag-of-Algeria.png,https://www.countries-ofthe-world.com/flags-normal/flag-of-Algeria.png
222,AMERICAN SAMOA,,
193,ANDORRA,flags-normal/flag-of-Andorra.png,https://www.countries-ofthe-world.com/flags-normal/flag-of-Andorra.png
109,ANGOLA,flags-normal/flag-of-Angola.png,https://www.countries-ofthe-world.com/flags-normal/flag-of-Angola.png
210,ANGUILLA,,
108,ANTIGUA AND BARBUDA,flags-normal/flag-of-Antigua.png,https://www.countries-ofthe-world.com/flags-normal/flag-of-Antigua.png
1,ARGENTINA,flags-normal/flag-of-Argentina.png,https://www.countries-ofthe-world.com/flags-normal/flag-of-Argentina.png
86,ARMENIA,flags-normal/flag-of-Armenia.png,https://www.countries-ofthe-world.com/flags-normal/flag-of-Armenia.png
175,ARUBA,,
21,AUSTRALIA,flags-normal/flag-of-Australia.png,https://www.countries-ofthe-world.com/flags-normal/flag-of-Australia.png
44,AUSTRIA,flags-normal/flag-of-Austria.png,https://www.countries-ofthe-world.com/flags-normal/flag-of-Austria.png
88,AZERBAIJAN,flags-normal/flag-of-Azerbaijan.png,https://www.countries-ofthe-world.com/flags-normal/flag-of-Azerbaijan.png
172,BAHAMAS,flags-normal/flag-of-Bahamas.png,https://www.countries-ofthe-world.com/flags-normal/flag-of-Bahamas.png
23,BAHRAIN,flags-normal/flag-of-Bahrain.png,https://www.countries-ofthe-world.com/flags-normal/flag-of-Bahrain.png
161,BANGLADESH,flags-normal/flag-of-Bangladesh.png,https://www.countries-ofthe-world.com/flags-normal/flag-of-Bangladesh.png
105,BARBADOS,flags-normal/flag-of-Barbados.png,https://www.countries-ofthe-world.com/flags-normal/flag-of-Barbados.png
77,BELARUS,flags-normal/flag-of-Belarus.png,https://www.countries-ofthe-world.com/flags-normal/flag-of-Belarus.png
45,BELGIUM,flags-normal/flag-of-Belgium.png,https://www.countries-ofthe-world.com/flags-normal/flag-of-Belgium.png
174,BELIZE,flags-normal/flag-of-Belize.png,https://www.countries-ofthe-world.com/flags-normal/flag-of-Belize.png
135,BENIN,flags-normal/flag-of-Benin.png,https://www.countries-ofthe-world.com/flags-normal/flag-of-Benin.png
106,BERMUDA,,
187,BHUTAN,flags-normal/flag-of-Bhutan.png,https://www.countries-ofthe-world.com/flags-normal/flag-of-Bhutan.png
9,BOLIVIA,flags-normal/flag-of-Bolivia.png,https://www.countries-ofthe-world.com/flags-normal/flag-of-Bolivia.png
211,BONAIRE,,
78,Bosnia and Herzegovina,,
137,BOTSWANA,flags-normal/flag-of-Botswana.png,https://www.countries-ofthe-world.com/flags-normal/flag-of-Botswana.png
2,BRAZIL,flags-normal/flag-of-Brazil.png,https://www.countries-ofthe-world.com/flags-normal/flag-of-Brazil.png
220,BRITISH VIRGIN ISLANDS,,
191,BRUNEI DARUSSALAM,,
46,BULGARIA,flags-normal/flag-of-Bulgaria.png,https://www.countries-ofthe-world.com/flags-normal/flag-of-Bulgaria.png
118,BURKINA FASO,flags-normal/flag-of-Burkina-Faso.png,https://www.countries-ofthe-world.com/flags-normal/flag-of-Burkina-Faso.png
143,BURUNDI,flags-normal/flag-of-Burundi.png,https://www.countries-ofthe-world.com/flags-normal/flag-of-Burundi.png
164,CAMBODIA,flags-normal/flag-of-Cambodia.png,https://www.countries-ofthe-world.com/flags-normal/flag-of-Cambodia.png
110,CAMEROON,flags-normal/flag-of-Cameroon.png,https://www.countries-ofthe-world.com/flags-normal/flag-of-Cameroon.png
96,CANADA,flags-normal/flag-of-Canada.png,https://www.countries-ofthe-world.com/flags-normal/flag-of-Canada.png
119,CAPE VERDE,,
178,CAYMAN ISLANDS,,
197,CENTRAL AFRICAN REPUBLIC,flags-normal/flag-of-Central-African-Republic.png,https://www.countries-ofthe-world.com/flags-normal/flag-of-Central-African-Republic.png
195,CHAD,flags-normal/flag-of-Chad.png,https://www.countries-ofthe-world.com/flags-normal/flag-of-Chad.png
3,CHILE,flags-normal/flag-of-Chile.png,https://www.countries-ofthe-world.com/flags-normal/flag-of-Chile.png
22,CHINA,flags-normal/flag-of-China.png,https://www.countries-ofthe-world.com/flags-normal/flag-of-China.png
157,CHINESE TAIPEI,,
4,COLOMBIA,flags-normal/flag-of-Colombia.png,https://www.countries-ofthe-world.com/flags-normal/flag-of-Colombia.png
199,COMOROS,flags-normal/flag-of-Comoros.png,https://www.countries-ofthe-world.com/flags-normal/flag-of-Comoros.png
120,CONGO,,
155,COOK ISLANDS,,
92,COSTA RICA,flags-normal/flag-of-Costa-Rica.png,https://www.countries-ofthe-world.com/flags-normal/flag-of-Costa-Rica.png
111,COTE Dâ€™IVOIRE,,
47,CROATIA,flags-normal/flag-of-Croatia.png,https://www.countries-ofthe-world.com/flags-normal/flag-of-Croatia.png
97,CUBA,flags-normal/flag-of-Cuba.png,https://www.countries-ofthe-world.com/flags-normal/flag-of-Cuba.png
177,CURACAO,,
79,CYPRUS,flags-normal/flag-of-Cyprus.png,https://www.countries-ofthe-world.com/flags-normal/flag-of-Cyprus.png
48,CZECH REPUBLIC,,
49,DENMARK,flags-normal/flag-of-Denmark.png,https://www.countries-ofthe-world.com/flags-normal/flag-of-Denmark.png
203,DJIBOUTI,flags-normal/flag-of-Djibouti.png,https://www.countries-ofthe-world.com/flags-normal/flag-of-Djibouti.png
170,DOMINICA,flags-normal/flag-of-Dominica.png,https://www.countries-ofthe-world.com/flags-normal/flag-of-Dominica.png
171,DOMINICAN REPUBLIC,flags-normal/flag-of-Dominican-Republic.png,https://www.countries-ofthe-world.com/flags-normal/flag-of-Dominican-Republic.png
121,DR CONGO,,
5,ECUADOR,flags-normal/flag-of-Ecuador.png,https://www.countries-ofthe-world.com/flags-normal/flag-of-Ecuador.png
122,EGYPT,flags-normal/flag-of-Egypt.png,https://www.countries-ofthe-world.com/flags-normal/flag-of-Egypt.png
107,EL SALVADOR,flags-normal/flag-of-El-Salvador.png,https://www.countries-ofthe-world.com/flags-normal/flag-of-El-Salvador.png
50,ENGLAND,,
133,EQUATORIAL GUINEA,flags-normal/flag-of-Equatorial-Guinea.png,https://www.countries-ofthe-world.com/flags-normal/flag-of-Equatorial-Guinea.png
201,ERITREA,flags-normal/flag-of-Eritrea.png,https://www.countries-ofthe-world.com/flags-normal/flag-of-Eritrea.png
90,ESTONIA,flags-normal/flag-of-Estonia.png,https://www.countries-ofthe-world.com/flags-normal/flag-of-Estonia.png
150,ESWATINI,flags-normal/flag-of-Eswatini.png,https://www.countries-ofthe-world.com/flags-normal/flag-of-Eswatini.png
140,ETHIOPIA,flags-normal/flag-of-Ethiopia.png,https://www.countries-ofthe-world.com/flags-normal/flag-of-Ethiopia.png
167,FAROE ISLANDS,,
14,FIJI,flags-normal/flag-of-Fiji.png,https://www.countries-ofthe-world.com/flags-normal/flag-of-Fiji.png
51,FINLAND,flags-normal/flag-of-Finland.png,https://www.countries-ofthe-world.com/flags-normal/flag-of-Finland.png
52,FRANCE,flags-normal/flag-of-France.png,https://www.countries-ofthe-world.com/flags-normal/flag-of-France.png
212,FRENCH GUIANA,,
215,FS MICRONESIA,,
124,GABON,flags-normal/flag-of-Gabon.png,https://www.countries-ofthe-world.com/flags-normal/flag-of-Gabon.png
141,GAMBIA,flags-normal/flag-of-Gambia.png,https://www.countries-ofthe-world.com/flags-normal/flag-of-Gambia.png
80,GEORGIA,flags-normal/flag-of-Georgia.png,https://www.countries-ofthe-world.com/flags-normal/flag-of-Georgia.png
53,GERMANY,flags-normal/flag-of-Germany.png,https://www.countries-ofthe-world.com/flags-normal/flag-of-Germany.png
112,GHANA,flags-normal/flag-of-Ghana.png,https://www.countries-ofthe-world.com/flags-normal/flag-of-Ghana.png
204,GIBRALTAR,,
54,GREECE,flags-normal/flag-of-Greece.png,https://www.countries-ofthe-world.com/flags-normal/flag-of-Greece.png
173,GRENADA,flags-normal/flag-of-Grenada.png,https://www.countries-ofthe-world.com/flags-normal/flag-of-Grenada.png
213,GUADELOUPE,,
223,GUAM,,
98,GUATEMALA,flags-normal/flag-of-Guatemala.png,https://www.countries-ofthe-world.com/flags-normal/flag-of-Guatemala.png
125,GUINEA,flags-normal/flag-of-Guinea.png,https://www.countries-ofthe-world.com/flags-normal/flag-of-Guinea.png
181,GUINEA BISSAU,,
99,GUYANA,flags-normal/flag-of-Guyana.png,https://www.countries-ofthe-world.com/flags-normal/flag-of-Guyana.png
100,HAITI,flags-normal/flag-of-Haiti.png,https://www.countries-ofthe-world.com/flags-normal/flag-of-Haiti.png
101,HONDURAS,flags-normal/flag-of-Honduras.png,https://www.countries-ofthe-world.com/flags-normal/flag-of-Honduras.png
31,HONG KONG,,
55,HUNGARY,flags-normal/flag-of-Hungary.png,https://www.countries-ofthe-world.com/flags-normal/flag-of-Hungary.png
81,ICELAND,flags-normal/flag-of-Iceland.png,https://www.countries-ofthe-world.com/flags-normal/flag-of-Iceland.png
43,INDIA,flags-normal/flag-of-India.png,https://www.countries-ofthe-world.com/flags-normal/flag-of-India.png
39,INDONESIA,flags-normal/flag-of-Indonesia.png,https://www.countries-ofthe-world.com/flags-normal/flag-of-Indonesia.png
17,IRAN,flags-normal/flag-of-Iran.png,https://www.countries-ofthe-world.com/flags-normal/flag-of-Iran.png
24,IRAQ,flags-normal/flag-of-Iraq.png,https://www.countries-ofthe-world.com/flags-normal/flag-of-Iraq.png
82,ISRAEL,flags-normal/flag-of-Israel.png,https://www.countries-ofthe-world.com/flags-normal/flag-of-Israel.png
57,ITALY,flags-normal/flag-of-Italy.png,https://www.countries-ofthe-world.com/flags-normal/flag-of-Italy.png
102,JAMAICA,flags-normal/flag-of-Jamaica.png,https://www.countries-ofthe-world.com/flags-normal/flag-of-Jamaica.png
18,JAPAN,flags-normal/flag-of-Japan.png,https://www.countries-ofthe-world.com/flags-normal/flag-of-Japan.png
25,JORDAN,flags-normal/flag-of-Jordan.png,https://www.countries-ofthe-world.com/flags-normal/flag-of-Jordan.png
87,KAZAKHSTAN,flags-normal/flag-of-Kazakhstan.png,https://www.countries-ofthe-world.com/flags-normal/flag-of-Kazakhstan.png
136,KENYA,flags-normal/flag-of-Kenya.png,https://www.countries-ofthe-world.com/flags-normal/flag-of-Kenya.png
34,KOREA DPR,,
194,KOSOVO,flags-normal/flag-of-Kosovo.png,https://www.countries-ofthe-world.com/flags-normal/flag-of-Kosovo.png
26,KUWAIT,flags-normal/flag-of-Kuwait.png,https://www.countries-ofthe-world.com/flags-normal/flag-of-Kuwait.png
40,KYRGYZSTAN,flags-normal/flag-of-Kyrgyzstan.png,https://www.countries-ofthe-world.com/flags-normal/flag-of-Kyrgyzstan.png
186,LAOS,flags-normal/flag-of-Laos.png,https://www.countries-ofthe-world.com/flags-normal/flag-of-Laos.png
58,LATVIA,flags-normal/flag-of-Latvia.png,https://www.countries-ofthe-world.com/flags-normal/flag-of-Latvia.png
37,LEBANON,flags-normal/flag-of-Lebanon.png,https://www.countries-ofthe-world.com/flags-normal/flag-of-Lebanon.png
200,LESOTHO,flags-normal/flag-of-Lesotho.png,https://www.countries-ofthe-world.com/flags-normal/flag-of-Lesotho.png
149,LIBERIA,flags-normal/flag-of-Liberia.png,https://www.countries-ofthe-world.com/flags-normal/flag-of-Liberia.png
126,LIBYA,flags-normal/flag-of-Libya.png,https://www.countries-ofthe-world.com/flags-normal/flag-of-Libya.png
89,LIECHTENSTEIN,flags-normal/flag-of-Liechtenstein.png,https://www.countries-ofthe-world.com/flags-normal/flag-of-Liechtenstein.png
83,LITHUANIA,flags-normal/flag-of-Lithuania.png,https://www.countries-ofthe-world.com/flags-normal/flag-of-Lithuania.png
152,LUXEMBOURG,flags-normal/flag-of-Luxembourg.png,https://www.countries-ofthe-world.com/flags-normal/flag-of-Luxembourg.png
160,MACAU,,
182,MADAGASCAR,flags-normal/flag-of-Madagascar.png,https://www.countries-ofthe-world.com/flags-normal/flag-of-Madagascar.png
146,MALAWI,flags-normal/flag-of-Malawi.png,https://www.countries-ofthe-world.com/flags-normal/flag-of-Malawi.png
151,MALAYSIA,flags-normal/flag-of-Malaysia.png,https://www.countries-ofthe-world.com/flags-normal/flag-of-Malaysia.png
162,MALDIVES,flags-normal/flag-of-Maldives.png,https://www.countries-ofthe-world.com/flags-normal/flag-of-Maldives.png
127,MALI,flags-normal/flag-of-Mali.png,https://www.countries-ofthe-world.com/flags-normal/flag-of-Mali.png
91,MALTA,flags-normal/flag-of-Malta.png,https://www.countries-ofthe-world.com/flags-normal/flag-of-Malta.png
214,MARTINIQUE,,
147,MAURITANIA,flags-normal/flag-of-Mauritania.png,https://www.countries-ofthe-world.com/flags-normal/flag-of-Mauritania.png
183,MAURITIUS,flags-normal/flag-of-Mauritius.png,https://www.countries-ofthe-world.com/flags-normal/flag-of-Mauritius.png
205,MAYOTTE,,
93,MEXICO,flags-normal/flag-of-Mexico.png,https://www.countries-ofthe-world.com/flags-normal/flag-of-Mexico.png
85,MOLDOVA,flags-normal/flag-of-Moldova.png,https://www.countries-ofthe-world.com/flags-normal/flag-of-Moldova.png
189,MONGOLIA,flags-normal/flag-of-Mongolia.png,https://www.countries-ofthe-world.com/flags-normal/flag-of-Mongolia.png
184,MONTENEGRO,flags-normal/flag-of-Montenegro.png,https://www.countries-ofthe-world.com/flags-normal/flag-of-Montenegro.png
216,MONTSERRAT,,
128,MOROCCO,flags-normal/flag-of-Morocco.png,https://www.countries-ofthe-world.com/flags-normal/flag-of-Morocco.png
134,MOZAMBIQUE,flags-normal/flag-of-Mozambique.png,https://www.countries-ofthe-world.com/flags-normal/flag-of-Mozambique.png
188,MYANMAR,flags-normal/flag-of-Myanmar.png,https://www.countries-ofthe-world.com/flags-normal/flag-of-Myanmar.png
142,NAMIBIA,flags-normal/flag-of-Namibia.png,https://www.countries-ofthe-world.com/flags-normal/flag-of-Namibia.png
158,NEPAL,flags-normal/flag-of-Nepal.png,https://www.countries-ofthe-world.com/flags-normal/flag-of-Nepal.png
59,NETHERLANDS,flags-normal/flag-of-Netherlands.png,https://www.countries-ofthe-world.com/flags-normal/flag-of-Netherlands.png
12,NEW CALEDONIA,,
11,NEW ZEALAND,flags-normal/flag-of-New-Zealand.png,https://www.countries-ofthe-world.com/flags-normal/flag-of-New-Zealand.png
176,NICARAGUA,flags-normal/flag-of-Nicaragua.png,https://www.countries-ofthe-world.com/flags-normal/flag-of-Nicaragua.png
196,NIGER,flags-normal/flag-of-Niger.png,https://www.countries-ofthe-world.com/flags-normal/flag-of-Niger.png
113,NIGERIA,flags-normal/flag-of-Nigeria.png,https://www.countries-ofthe-world.com/flags-normal/flag-of-Nigeria.png
84,NORTH MACEDONIA,flags-normal/flag-of-North-Macedonia.png,https://www.countries-ofthe-world.com/flags-normal/flag-of-North-Macedonia.png
60,NORTHERN IRELAND,,
224,NORTHERN MARIANA ISLANDS,,
61,NORWAY,flags-normal/flag-of-Norway.png,https://www.countries-ofthe-world.com/flags-normal/flag-of-Norway.png
27,OMAN,flags-normal/flag-of-Oman.png,https://www.countries-ofthe-world.com/flags-normal/flag-of-Oman.png
165,PAKISTAN,flags-normal/flag-of-Pakistan.png,https://www.countries-ofthe-world.com/flags-normal/flag-of-Pakistan.png
225,PALAU,flags-normal/flag-of-Palau.png,https://www.countries-ofthe-world.com/flags-normal/flag-of-Palau.png
185,PALESTINE,flags-normal/flag-of-Palestine.png,https://www.countries-ofthe-world.com/flags-normal/flag-of-Palestine.png
103,PANAMA,flags-normal/flag-of-Panama.png,https://www.countries-ofthe-world.com/flags-normal/flag-of-Panama.png
156,PAPUA NEW GUINEA,flags-normal/flag-of-Papua-New-Guinea.png,https://www.countries-ofthe-world.com/flags-normal/flag-of-Papua-New-Guinea.png
6,PARAGUAY,flags-normal/flag-of-Paraguay.png,https://www.countries-ofthe-world.com/flags-normal/flag-of-Paraguay.png
7,PERU,flags-normal/flag-of-Peru.png,https://www.countries-ofthe-world.com/flags-normal/flag-of-Peru.png
159,PHILIPPINES,flags-normal/flag-of-Philippines.png,https://www.countries-ofthe-world.com/flags-normal/flag-of-Philippines.png
62,POLAND,flags-normal/flag-of-Poland.png,https://www.countries-ofthe-world.com/flags-normal/flag-of-Poland.png
63,PORTUGAL,flags-normal/flag-of-Portugal.png,https://www.countries-ofthe-world.com/flags-normal/flag-of-Portugal.png
168,PUERTO RICO,,
28,QATAR,flags-normal/flag-of-Qatar.png,https://www.countries-ofthe-world.com/flags-normal/flag-of-Qatar.png
56,REPUBLIC OF IRELAND,,
206,REUNION,,
64,ROMANIA,flags-normal/flag-of-Romania.png,https://www.countries-ofthe-world.com/flags-normal/flag-of-Romania.png
65,RUSSIA,flags-normal/flag-of-Russia.png,https://www.countries-ofthe-world.com/flags-normal/flag-of-Russia.png
144,RWANDA,flags-normal/flag-of-Rwanda.png,https://www.countries-ofthe-world.com/flags-normal/flag-of-Rwanda.png
217,SAINT MARTIN,,
16,SAMOA,flags-normal/flag-of-Samoa.png,https://www.countries-ofthe-world.com/flags-normal/flag-of-Samoa.png
166,SAN MARINO,flags-normal/flag-of-San-Marino.png,https://www.countries-ofthe-world.com/flags-normal/flag-of-San-Marino.png
207,SAO TOME AND PRINCIPE,flags-normal/flag-of-Sao-Tome-and-Principe.png,https://www.countries-ofthe-world.com/flags-normal/flag-of-Sao-Tome-and-Principe.png
19,SAUDI ARABIA,flags-normal/flag-of-Saudi-Arabia.png,https://www.countries-ofthe-world.com/flags-normal/flag-of-Saudi-Arabia.png
66,SCOTLAND,,
129,SENEGAL,flags-normal/flag-of-Senegal.png,https://www.countries-ofthe-world.com/flags-normal/flag-of-Senegal.png
67,SERBIA,flags-normal/flag-of-Serbia.png,https://www.countries-ofthe-world.com/flags-normal/flag-of-Serbia.png
198,SEYCHELLES,flags-normal/flag-of-Seychelles.png,https://www.countries-ofthe-world.com/flags-normal/flag-of-Seychelles.png
123,SIERRA LEONE,flags-normal/flag-of-Sierra-Leone.png,https://www.countries-ofthe-world.com/flags-normal/flag-of-Sierra-Leone.png
36,SINGAPORE,flags-normal/flag-of-Singapore.png,https://www.countries-ofthe-world.com/flags-normal/flag-of-Singapore.png
218,SINT MAARTEN,,
68,SLOVAKIA,flags-normal/flag-of-Slovakia.png,https://www.countries-ofthe-world.com/flags-normal/flag-of-Slovakia.png
69,SLOVENIA,flags-normal/flag-of-Slovenia.png,https://www.countries-ofthe-world.com/flags-normal/flag-of-Slovenia.png
13,SOLOMON ISLANDS,flags-normal/flag-of-Solomon-Islands.png,https://www.countries-ofthe-world.com/flags-normal/flag-of-Solomon-Islands.png
202,SOMALIA,flags-normal/flag-of-Somalia.png,https://www.countries-ofthe-world.com/flags-normal/flag-of-Somalia.png
114,SOUTH AFRICA,flags-normal/flag-of-South-Africa.png,https://www.countries-ofthe-world.com/flags-normal/flag-of-South-Africa.png
20,SOUTH KOREA,flags-normal/flag-of-Korea-South.png,https://www.countries-ofthe-world.com/flags-normal/flag-of-Korea-South.png
208,SOUTH SUDAN,flags-normal/flag-of-South-Sudan.png,https://www.countries-ofthe-world.com/flags-normal/flag-of-South-Sudan.png
70,SPAIN,flags-normal/flag-of-Spain.png,https://www.countries-ofthe-world.com/flags-normal/flag-of-Spain.png
163,SRI LANKA,flags-normal/flag-of-Sri-Lanka.png,https://www.countries-ofthe-world.com/flags-normal/flag-of-Sri-Lanka.png
169,ST KITTS AND NEVIS,,
180,ST LUCIA,,
104,ST VINCENT AND THE GRENADINES,,
139,SUDAN,flags-normal/flag-of-Sudan.png,https://www.countries-ofthe-world.com/flags-normal/flag-of-Sudan.png
179,SURINAME,flags-normal/flag-of-Suriname.png,https://www.countries-ofthe-world.com/flags-normal/flag-of-Suriname.png
71,SWEDEN,flags-normal/flag-of-Sweden.png,https://www.countries-ofthe-world.com/flags-normal/flag-of-Sweden.png
72,SWITZERLAND,flags-normal/flag-of-Switzerland.png,https://www.countries-ofthe-world.com/flags-normal/flag-of-Switzerland.png
32,SYRIA,flags-normal/flag-of-Syria.png,https://www.countries-ofthe-world.com/flags-normal/flag-of-Syria.png
154,TAHITI,,
41,TAJIKISTAN,flags-normal/flag-of-Tajikistan.png,https://www.countries-ofthe-world.com/flags-normal/flag-of-Tajikistan.png
138,TANZANIA,flags-normal/flag-of-Tanzania.png,https://www.countries-ofthe-world.com/flags-normal/flag-of-Tanzania.png
33,THAILAND,flags-normal/flag-of-Thailand.png,https://www.countries-ofthe-world.com/flags-normal/flag-of-Thailand.png
226,TIBET,,
192,TIMOR-LESTE,flags-normal/flag-of-Timor-Leste.png,https://www.countries-ofthe-world.com/flags-normal/flag-of-Timor-Leste.png
115,TOGO,flags-normal/flag-of-Togo.png,https://www.countries-ofthe-world.com/flags-normal/flag-of-Togo.png
153,TONGA,flags-normal/flag-of-Tonga.png,https://www.countries-ofthe-world.com/flags-normal/flag-of-Tonga.png
94,TRINIDAD & TOBAGO,,
116,TUNISIA,flags-normal/flag-of-Tunisia.png,https://www.countries-ofthe-world.com/flags-normal/flag-of-Tunisia.png
73,TURKEY,flags-normal/flag-of-Turkey.png,https://www.countries-ofthe-world.com/flags-normal/flag-of-Turkey.png
35,TURKMENISTAN,flags-normal/flag-of-Turkmenistan.png,https://www.countries-ofthe-world.com/flags-normal/flag-of-Turkmenistan.png
219,TURKS AND CAICOS ISLANDS,,
130,UGANDA,flags-normal/flag-of-Uganda.png,https://www.countries-ofthe-world.com/flags-normal/flag-of-Uganda.png
74,UKRAINE,flags-normal/flag-of-Ukraine.png,https://www.countries-ofthe-world.com/flags-normal/flag-of-Ukraine.png
29,UNITED ARAB EMIRATES,flags-normal/flag-of-United-Arab-Emirates.png,https://www.countries-ofthe-world.com/flags-normal/flag-of-United-Arab-Emirates.png
8,URUGUAY,flags-normal/flag-of-Uruguay.png,https://www.countries-ofthe-world.com/flags-normal/flag-of-Uruguay.png
221,US VIRGIN ISLANDS,,
95,USA,,
30,UZBEKISTAN,flags-normal/flag-of-Uzbekistan.png,https://www.countries-ofthe-world.com/flags-normal/flag-of-Uzbekistan.png
15,VANUATU,flags-normal/flag-of-Vanuatu.png,https://www.countries-ofthe-world.com/flags-normal/flag-of-Vanuatu.png
10,VENEZUELA,flags-normal/flag-of-Venezuela.png,https://www.countries-ofthe-world.com/flags-normal/flag-of-Venezuela.png
38,VIETNAM,flags-normal/flag-of-Vietnam.png,https://www.countries-ofthe-world.com/flags-normal/flag-of-Vietnam.png
75,WALES,,
42,YEMEN,flags-normal/flag-of-Yemen.png,https://www.countries-ofthe-world.com/flags-normal/flag-of-Yemen.png
131,ZAMBIA,flags-normal/flag-of-Zambia.png,https://www.countries-ofthe-world.com/flags-normal/flag-of-Zambia.png
209,ZANZIBAR,,
132,ZIMBABWE,flags-normal/flag-of-Zimbabwe.png,https://www.countries-ofthe-world.com/flags-normal/flag-of-Zimbabwe.png
